right-right-right-right-right,22781
right-right-right-right-A,3311
right-right-right-right-up,906
right-right-right-right-B,1156
right-right-right-right-left,5969
right-right-right-right-down,692
right-right-right-A,7059
right-right-right-up-right,396
right-right-right-up-A,316
right-right-right-up-up,226
right-right-right-up-B,87
right-right-right-up-left,613
right-right-right-up-down,245
right-right-right-B-right,446
right-right-right-B-A,229
right-right-right-B-up,91
right-right-right-B-B,804
right-right-right-B-left,776
right-right-right-B-down,48
right-right-right-left-right,3892
right-right-right-left-A,3250
right-right-right-left-up,531
right-right-right-left-B,252
right-right-right-left-left,4876
right-right-right-left-down,476
right-right-right-down-right,521
right-right-right-down-A,39
right-right-right-down-up,7
right-right-right-down-B,8
right-right-right-down-left,536
right-right-right-down-down,219
right-right-A,14262
right-right-up-right-right,434
right-right-up-right-A,83
right-right-up-right-up,71
right-right-up-right-B,39
right-right-up-right-left,159
right-right-up-right-down,24
right-right-up-A,722
right-right-up-up-right,103
right-right-up-up-A,64
right-right-up-up-up,76
right-right-up-up-B,57
right-right-up-up-left,116
right-right-up-up-down,47
right-right-up-B-right,32
right-right-up-B-A,13
right-right-up-B-up,21
right-right-up-B-B,93
right-right-up-B-left,33
right-right-up-B-down,6
right-right-up-left-right,252
right-right-up-left-A,304
right-right-up-left-up,258
right-right-up-left-B,25
right-right-up-left-left,573
right-right-up-left-down,69
right-right-up-down-right,119
right-right-up-down-A,20
right-right-up-down-up,13
right-right-up-down-B,1
right-right-up-down-left,276
right-right-up-down-down,103
right-right-B-right-right,486
right-right-B-right-A,99
right-right-B-right-up,28
right-right-B-right-B,130
right-right-B-right-left,172
right-right-B-right-down,31
right-right-B-A,636
right-right-B-up-right,33
right-right-B-up-A,42
right-right-B-up-up,23
right-right-B-up-B,15
right-right-B-up-left,61
right-right-B-up-down,20
right-right-B-B-right,312
right-right-B-B-A,239
right-right-B-B-up,92
right-right-B-B-B,741
right-right-B-B-left,488
right-right-B-B-down,48
right-right-B-left-right,315
right-right-B-left-A,881
right-right-B-left-up,84
right-right-B-left-B,190
right-right-B-left-left,1400
right-right-B-left-down,77
right-right-B-down-right,25
right-right-B-down-A,5
right-right-B-down-B,1
right-right-B-down-left,39
right-right-B-down-down,22
right-right-left-right-right,3948
right-right-left-right-A,721
right-right-left-right-up,154
right-right-left-right-B,201
right-right-left-right-left,2369
right-right-left-right-down,189
right-right-left-A,7344
right-right-left-up-right,198
right-right-left-up-A,239
right-right-left-up-up,122
right-right-left-up-B,52
right-right-left-up-left,526
right-right-left-up-down,175
right-right-left-B-right,120
right-right-left-B-A,74
right-right-left-B-up,23
right-right-left-B-B,226
right-right-left-B-left,189
right-right-left-B-down,13
right-right-left-left-right,1863
right-right-left-left-A,2561
right-right-left-left-up,395
right-right-left-left-B,160
right-right-left-left-left,5934
right-right-left-left-down,407
right-right-left-down-right,281
right-right-left-down-A,37
right-right-left-down-up,5
right-right-left-down-B,3
right-right-left-down-left,594
right-right-left-down-down,191
right-right-down-right-right,567
right-right-down-right-A,69
right-right-down-right-up,26
right-right-down-right-B,25
right-right-down-right-left,253
right-right-down-right-down,78
right-right-down-A,120
right-right-down-up-right,2
right-right-down-up-A,4
right-right-down-up-up,3
right-right-down-up-left,14
right-right-down-up-down,4
right-right-down-B-right,2
right-right-down-B-A,3
right-right-down-B-up,4
right-right-down-B-B,6
right-right-down-B-left,7
right-right-down-left-right,189
right-right-down-left-A,257
right-right-down-left-up,33
right-right-down-left-B,12
right-right-down-left-left,550
right-right-down-left-down,192
right-right-down-down-right,113
right-right-down-down-A,27
right-right-down-down-up,9
right-right-down-down-B,7
right-right-down-down-left,208
right-right-down-down-down,121
right-A,49154
right-up-right-right-right,470
right-up-right-right-A,119
right-up-right-right-up,139
right-up-right-right-B,42
right-up-right-right-left,365
right-up-right-right-down,39
right-up-right-A,273
right-up-right-up-right,72
right-up-right-up-A,42
right-up-right-up-up,25
right-up-right-up-B,11
right-up-right-up-left,71
right-up-right-up-down,23
right-up-right-B-right,9
right-up-right-B-A,6
right-up-right-B-up,7
right-up-right-B-B,54
right-up-right-B-left,22
right-up-right-left-right,124
right-up-right-left-A,110
right-up-right-left-up,60
right-up-right-left-B,8
right-up-right-left-left,191
right-up-right-left-down,25
right-up-right-down-right,23
right-up-right-down-A,1
right-up-right-down-up,2
right-up-right-down-left,29
right-up-right-down-down,11
right-up-A,2878
right-up-up-right-right,167
right-up-up-right-A,37
right-up-up-right-up,43
right-up-up-right-B,30
right-up-up-right-left,45
right-up-up-right-down,14
right-up-up-A,227
right-up-up-up-right,42
right-up-up-up-A,30
right-up-up-up-up,82
right-up-up-up-B,26
right-up-up-up-left,62
right-up-up-up-down,21
right-up-up-B-right,29
right-up-up-B-A,7
right-up-up-B-up,15
right-up-up-B-B,61
right-up-up-B-left,22
right-up-up-B-down,2
right-up-up-left-right,83
right-up-up-left-A,104
right-up-up-left-up,90
right-up-up-left-B,14
right-up-up-left-left,208
right-up-up-left-down,24
right-up-up-down-right,46
right-up-up-down-A,5
right-up-up-down-up,6
right-up-up-down-left,92
right-up-up-down-down,34
right-up-B-right-right,51
right-up-B-right-A,9
right-up-B-right-up,7
right-up-B-right-B,7
right-up-B-right-left,24
right-up-B-right-down,3
right-up-B-A,56
right-up-B-up-right,12
right-up-B-up-A,22
right-up-B-up-up,9
right-up-B-up-B,3
right-up-B-up-left,26
right-up-B-up-down,8
right-up-B-B-right,34
right-up-B-B-A,34
right-up-B-B-up,34
right-up-B-B-B,104
right-up-B-B-left,56
right-up-B-B-down,4
right-up-B-left-right,16
right-up-B-left-A,35
right-up-B-left-up,17
right-up-B-left-B,11
right-up-B-left-left,59
right-up-B-left-down,3
right-up-B-down-right,6
right-up-B-down-left,6
right-up-left-right-right,409
right-up-left-right-A,78
right-up-left-right-up,103
right-up-left-right-B,26
right-up-left-right-left,276
right-up-left-right-down,30
right-up-left-A,1277
right-up-left-up-right,133
right-up-left-up-A,220
right-up-left-up-up,93
right-up-left-up-B,27
right-up-left-up-left,579
right-up-left-up-down,92
right-up-left-B-right,5
right-up-left-B-A,4
right-up-left-B-up,4
right-up-left-B-B,20
right-up-left-B-left,22
right-up-left-B-down,1
right-up-left-left-right,260
right-up-left-left-A,534
right-up-left-left-up,296
right-up-left-left-B,26
right-up-left-left-left,1113
right-up-left-left-down,97
right-up-left-down-right,46
right-up-left-down-A,6
right-up-left-down-up,5
right-up-left-down-left,149
right-up-left-down-down,43
right-up-down-right-right,201
right-up-down-right-A,27
right-up-down-right-up,25
right-up-down-right-B,6
right-up-down-right-left,72
right-up-down-right-down,20
right-up-down-A,80
right-up-down-up-right,7
right-up-down-up-A,5
right-up-down-up-up,4
right-up-down-up-left,8
right-up-down-up-down,12
right-up-down-B-A,2
right-up-down-B-B,3
right-up-down-B-left,2
right-up-down-B-down,1
right-up-down-left-right,79
right-up-down-left-A,212
right-up-down-left-up,68
right-up-down-left-B,7
right-up-down-left-left,478
right-up-down-left-down,156
right-up-down-down-right,40
right-up-down-down-A,25
right-up-down-down-up,5
right-up-down-down-B,1
right-up-down-down-left,170
right-up-down-down-down,88
right-B-right-right-right,596
right-B-right-right-A,131
right-B-right-right-up,42
right-B-right-right-B,124
right-B-right-right-left,270
right-B-right-right-down,34
right-B-right-A,246
right-B-right-up-right,15
right-B-right-up-A,15
right-B-right-up-up,8
right-B-right-up-B,2
right-B-right-up-left,43
right-B-right-up-down,4
right-B-right-B-right,98
right-B-right-B-A,31
right-B-right-B-up,6
right-B-right-B-B,123
right-B-right-B-left,85
right-B-right-B-down,4
right-B-right-left-right,160
right-B-right-left-A,78
right-B-right-left-up,24
right-B-right-left-B,32
right-B-right-left-left,157
right-B-right-left-down,13
right-B-right-down-right,18
right-B-right-down-A,1
right-B-right-down-left,42
right-B-right-down-down,10
right-B-A,1457
right-B-up-right-right,65
right-B-up-right-A,4
right-B-up-right-up,7
right-B-up-right-B,7
right-B-up-right-left,29
right-B-up-right-down,4
right-B-up-A,137
right-B-up-up-right,8
right-B-up-up-A,5
right-B-up-up-up,14
right-B-up-up-B,25
right-B-up-up-left,11
right-B-up-up-down,7
right-B-up-B-right,4
right-B-up-B-A,2
right-B-up-B-up,9
right-B-up-B-B,15
right-B-up-B-left,8
right-B-up-left-right,43
right-B-up-left-A,40
right-B-up-left-up,38
right-B-up-left-B,11
right-B-up-left-left,91
right-B-up-left-down,11
right-B-up-down-right,14
right-B-up-down-B,1
right-B-up-down-left,22
right-B-up-down-down,8
right-B-B-right-right,330
right-B-B-right-A,128
right-B-B-right-up,46
right-B-B-right-B,163
right-B-B-right-left,102
right-B-B-right-down,36
right-B-B-A,805
right-B-B-up-right,65
right-B-B-up-A,55
right-B-B-up-up,43
right-B-B-up-B,24
right-B-B-up-left,83
right-B-B-up-down,14
right-B-B-B-right,440
right-B-B-B-A,349
right-B-B-B-up,145
right-B-B-B-B,871
right-B-B-B-left,528
right-B-B-B-down,49
right-B-B-left-right,213
right-B-B-left-A,283
right-B-B-left-up,60
right-B-B-left-B,222
right-B-B-left-left,468
right-B-B-left-down,36
right-B-B-down-right,24
right-B-B-down-A,4
right-B-B-down-up,2
right-B-B-down-B,4
right-B-B-down-left,61
right-B-B-down-down,23
right-B-left-right-right,297
right-B-left-right-A,74
right-B-left-right-up,14
right-B-left-right-B,71
right-B-left-right-left,185
right-B-left-right-down,16
right-B-left-A,1302
right-B-left-up-right,22
right-B-left-up-A,33
right-B-left-up-up,8
right-B-left-up-B,13
right-B-left-up-left,68
right-B-left-up-down,23
right-B-left-B-right,67
right-B-left-B-A,26
right-B-left-B-up,9
right-B-left-B-B,88
right-B-left-B-left,194
right-B-left-B-down,9
right-B-left-left-right,193
right-B-left-left-A,550
right-B-left-left-up,69
right-B-left-left-B,93
right-B-left-left-left,1369
right-B-left-left-down,62
right-B-left-down-right,27
right-B-left-down-A,5
right-B-left-down-B,3
right-B-left-down-left,90
right-B-left-down-down,18
right-B-down-right-right,44
right-B-down-right-A,6
right-B-down-right-up,1
right-B-down-right-B,6
right-B-down-right-left,22
right-B-down-right-down,3
right-B-down-A,11
right-B-down-up-up,2
right-B-down-up-left,2
right-B-down-B-right,3
right-B-down-B-B,3
right-B-down-B-down,1
right-B-down-left-right,22
right-B-down-left-A,33
right-B-down-left-up,6
right-B-down-left-B,6
right-B-down-left-left,68
right-B-down-left-down,30
right-B-down-down-right,7
right-B-down-down-A,3
right-B-down-down-up,1
right-B-down-down-left,33
right-B-down-down-down,23
right-left-right-right-right,4424
right-left-right-right-A,1104
right-left-right-right-up,297
right-left-right-right-B,233
right-left-right-right-left,5893
right-left-right-right-down,265
right-left-right-A,2171
right-left-right-up-right,111
right-left-right-up-A,94
right-left-right-up-up,60
right-left-right-up-B,19
right-left-right-up-left,210
right-left-right-up-down,65
right-left-right-B-right,117
right-left-right-B-A,46
right-left-right-B-up,18
right-left-right-B-B,199
right-left-right-B-left,210
right-left-right-B-down,6
right-left-right-left-right,2683
right-left-right-left-A,1670
right-left-right-left-up,258
right-left-right-left-B,99
right-left-right-left-left,2543
right-left-right-left-down,278
right-left-right-down-right,179
right-left-right-down-A,16
right-left-right-down-up,1
right-left-right-down-B,1
right-left-right-down-left,215
right-left-right-down-down,88
right-left-A,30250
right-left-up-right-right,378
right-left-up-right-A,61
right-left-up-right-up,49
right-left-up-right-B,32
right-left-up-right-left,175
right-left-up-right-down,18
right-left-up-A,1195
right-left-up-up-right,87
right-left-up-up-A,82
right-left-up-up-up,66
right-left-up-up-B,45
right-left-up-up-left,185
right-left-up-up-down,68
right-left-up-B-right,23
right-left-up-B-A,12
right-left-up-B-up,27
right-left-up-B-B,84
right-left-up-B-left,44
right-left-up-B-down,2
right-left-up-left-right,357
right-left-up-left-A,472
right-left-up-left-up,454
right-left-up-left-B,34
right-left-up-left-left,804
right-left-up-left-down,102
right-left-up-down-right,169
right-left-up-down-A,32
right-left-up-down-up,14
right-left-up-down-B,3
right-left-up-down-left,414
right-left-up-down-down,149
right-left-B-right-right,158
right-left-B-right-A,36
right-left-B-right-up,13
right-left-B-right-B,27
right-left-B-right-left,74
right-left-B-right-down,4
right-left-B-A,265
right-left-B-up-right,12
right-left-B-up-A,10
right-left-B-up-up,7
right-left-B-up-B,6
right-left-B-up-left,35
right-left-B-up-down,5
right-left-B-B-right,121
right-left-B-B-A,122
right-left-B-B-up,42
right-left-B-B-B,286
right-left-B-B-left,206
right-left-B-B-down,23
right-left-B-left-right,88
right-left-B-left-A,116
right-left-B-left-up,19
right-left-B-left-B,53
right-left-B-left-left,317
right-left-B-left-down,20
right-left-B-down-right,12
right-left-B-down-A,4
right-left-B-down-B,1
right-left-B-down-left,23
right-left-B-down-down,8
right-left-left-right-right,3417
right-left-left-right-A,594
right-left-left-right-up,122
right-left-left-right-B,176
right-left-left-right-left,1932
right-left-left-right-down,150
right-left-left-A,10185
right-left-left-up-right,214
right-left-left-up-A,326
right-left-left-up-up,170
right-left-left-up-B,48
right-left-left-up-left,809
right-left-left-up-down,291
right-left-left-B-right,107
right-left-left-B-A,59
right-left-left-B-up,17
right-left-left-B-B,203
right-left-left-B-left,153
right-left-left-B-down,18
right-left-left-left-right,2583
right-left-left-left-A,4658
right-left-left-left-up,751
right-left-left-left-B,237
right-left-left-left-left,13769
right-left-left-left-down,870
right-left-left-down-right,375
right-left-left-down-A,52
right-left-left-down-up,16
right-left-left-down-B,6
right-left-left-down-left,1127
right-left-left-down-down,285
right-left-down-right-right,656
right-left-down-right-A,51
right-left-down-right-up,11
right-left-down-right-B,19
right-left-down-right-left,346
right-left-down-right-down,55
right-left-down-A,159
right-left-down-up-right,3
right-left-down-up-A,3
right-left-down-up-up,4
right-left-down-up-B,2
right-left-down-up-left,17
right-left-down-up-down,9
right-left-down-B-right,1
right-left-down-B-A,1
right-left-down-B-up,2
right-left-down-B-B,6
right-left-down-B-left,3
right-left-down-left-right,245
right-left-down-left-A,530
right-left-down-left-up,88
right-left-down-left-B,26
right-left-down-left-left,1249
right-left-down-left-down,395
right-left-down-down-right,89
right-left-down-down-A,37
right-left-down-down-up,8
right-left-down-down-B,6
right-left-down-down-left,378
right-left-down-down-down,161
right-down-right-right-right,578
right-down-right-right-A,145
right-down-right-right-up,49
right-down-right-right-B,38
right-down-right-right-left,731
right-down-right-right-down,196
right-down-right-A,227
right-down-right-up-right,14
right-down-right-up-A,8
right-down-right-up-up,3
right-down-right-up-B,3
right-down-right-up-left,10
right-down-right-up-down,12
right-down-right-B-right,5
right-down-right-B-A,7
right-down-right-B-B,13
right-down-right-B-left,23
right-down-right-B-down,2
right-down-right-left-right,188
right-down-right-left-A,187
right-down-right-left-up,26
right-down-right-left-B,8
right-down-right-left-left,302
right-down-right-left-down,91
right-down-right-down-right,147
right-down-right-down-A,8
right-down-right-down-up,1
right-down-right-down-left,63
right-down-right-down-down,26
right-down-A,412
right-down-up-right-right,3
right-down-up-right-A,1
right-down-up-right-left,2
right-down-up-A,15
right-down-up-up-right,1
right-down-up-up-up,1
right-down-up-up-B,1
right-down-up-up-left,1
right-down-up-up-down,5
right-down-up-B-B,1
right-down-up-B-left,3
right-down-up-left-right,5
right-down-up-left-A,4
right-down-up-left-up,6
right-down-up-left-left,7
right-down-up-left-down,4
right-down-up-down-right,4
right-down-up-down-A,1
right-down-up-down-up,3
right-down-up-down-left,16
right-down-up-down-down,5
right-down-B-right-right,1
right-down-B-right-B,3
right-down-B-right-down,2
right-down-B-A,7
right-down-B-up-A,3
right-down-B-up-up,1
right-down-B-B-right,1
right-down-B-B-B,9
right-down-B-B-left,6
right-down-B-B-down,3
right-down-B-left-right,4
right-down-B-left-A,2
right-down-B-left-B,3
right-down-B-left-left,7
right-down-B-left-down,2
right-down-B-down-right,1
right-down-B-down-left,5
right-down-B-down-down,1
right-down-left-right-right,257
right-down-left-right-A,56
right-down-left-right-up,13
right-down-left-right-B,18
right-down-left-right-left,171
right-down-left-right-down,73
right-down-left-A,1212
right-down-left-up-right,14
right-down-left-up-A,40
right-down-left-up-up,11
right-down-left-up-B,4
right-down-left-up-left,45
right-down-left-up-down,51
right-down-left-B-right,3
right-down-left-B-A,7
right-down-left-B-up,5
right-down-left-B-B,14
right-down-left-B-left,17
right-down-left-B-down,2
right-down-left-left-right,216
right-down-left-left-A,493
right-down-left-left-up,63
right-down-left-left-B,25
right-down-left-left-left,1409
right-down-left-left-down,350
right-down-left-down-right,67
right-down-left-down-A,34
right-down-left-down-up,3
right-down-left-down-B,4
right-down-left-down-left,607
right-down-left-down-down,135
right-down-down-right-right,171
right-down-down-right-A,23
right-down-down-right-up,11
right-down-down-right-B,9
right-down-down-right-left,80
right-down-down-right-down,29
right-down-down-A,115
right-down-down-up-right,2
right-down-down-up-A,2
right-down-down-up-up,1
right-down-down-up-left,10
right-down-down-up-down,11
right-down-down-B-right,1
right-down-down-B-B,1
right-down-down-B-left,2
right-down-down-left-right,92
right-down-down-left-A,186
right-down-down-left-up,37
right-down-down-left-B,7
right-down-down-left-left,472
right-down-down-left-down,182
right-down-down-down-right,67
right-down-down-down-A,35
right-down-down-down-up,5
right-down-down-down-B,8
right-down-down-down-left,231
right-down-down-down-down,203
A,202885
up-right-right-right-right,670
up-right-right-right-A,112
up-right-right-right-up,120
up-right-right-right-B,92
up-right-right-right-left,314
up-right-right-right-down,26
up-right-right-A,358
up-right-right-up-right,123
up-right-right-up-A,88
up-right-right-up-up,39
up-right-right-up-B,11
up-right-right-up-left,115
up-right-right-up-down,34
up-right-right-B-right,11
up-right-right-B-A,9
up-right-right-B-up,13
up-right-right-B-B,42
up-right-right-B-left,56
up-right-right-B-down,3
up-right-right-left-right,268
up-right-right-left-A,290
up-right-right-left-up,150
up-right-right-left-B,14
up-right-right-left-left,462
up-right-right-left-down,46
up-right-right-down-right,40
up-right-right-down-A,5
up-right-right-down-up,1
up-right-right-down-B,1
up-right-right-down-left,50
up-right-right-down-down,10
up-right-A,1117
up-right-up-right-right,126
up-right-up-right-A,28
up-right-up-right-up,338
up-right-up-right-B,12
up-right-up-right-left,45
up-right-up-right-down,10
up-right-up-A,381
up-right-up-up-right,40
up-right-up-up-A,21
up-right-up-up-up,75
up-right-up-up-B,11
up-right-up-up-left,47
up-right-up-up-down,17
up-right-up-B-right,5
up-right-up-B-A,3
up-right-up-B-up,28
up-right-up-B-B,24
up-right-up-B-left,9
up-right-up-left-right,58
up-right-up-left-A,94
up-right-up-left-up,359
up-right-up-left-B,2
up-right-up-left-left,134
up-right-up-left-down,14
up-right-up-down-right,15
up-right-up-down-A,4
up-right-up-down-up,21
up-right-up-down-left,44
up-right-up-down-down,13
up-right-B-right-right,20
up-right-B-right-A,4
up-right-B-right-up,5
up-right-B-right-B,5
up-right-B-right-left,7
up-right-B-A,37
up-right-B-up-right,6
up-right-B-up-A,6
up-right-B-up-up,2
up-right-B-up-B,4
up-right-B-up-left,8
up-right-B-up-down,4
up-right-B-B-right,23
up-right-B-B-A,24
up-right-B-B-up,21
up-right-B-B-B,58
up-right-B-B-left,31
up-right-B-B-down,1
up-right-B-left-right,16
up-right-B-left-A,39
up-right-B-left-up,7
up-right-B-left-B,7
up-right-B-left-left,69
up-right-B-left-down,9
up-right-B-down-right,2
up-right-B-down-left,5
up-right-left-right-right,188
up-right-left-right-A,45
up-right-left-right-up,53
up-right-left-right-B,16
up-right-left-right-left,185
up-right-left-right-down,15
up-right-left-A,581
up-right-left-up-right,61
up-right-left-up-A,61
up-right-left-up-up,30
up-right-left-up-B,10
up-right-left-up-left,144
up-right-left-up-down,19
up-right-left-B-right,5
up-right-left-B-A,2
up-right-left-B-up,4
up-right-left-B-B,19
up-right-left-B-left,5
up-right-left-left-right,133
up-right-left-left-A,190
up-right-left-left-up,103
up-right-left-left-B,7
up-right-left-left-left,489
up-right-left-left-down,30
up-right-left-down-right,26
up-right-left-down-A,3
up-right-left-down-up,2
up-right-left-down-left,43
up-right-left-down-down,16
up-right-down-right-right,40
up-right-down-right-A,9
up-right-down-right-up,7
up-right-down-right-B,4
up-right-down-right-left,22
up-right-down-right-down,4
up-right-down-A,9
up-right-down-up-right,2
up-right-down-up-left,3
up-right-down-up-down,4
up-right-down-B-right,1
up-right-down-B-B,1
up-right-down-left-right,11
up-right-down-left-A,24
up-right-down-left-up,9
up-right-down-left-B,2
up-right-down-left-left,72
up-right-down-left-down,24
up-right-down-down-right,4
up-right-down-down-left,28
up-right-down-down-down,12
up-A,15432
up-up-right-right-right,204
up-up-right-right-A,35
up-up-right-right-up,58
up-up-right-right-B,29
up-up-right-right-left,116
up-up-right-right-down,15
up-up-right-A,144
up-up-right-up-right,46
up-up-right-up-A,31
up-up-right-up-up,104
up-up-right-up-B,8
up-up-right-up-left,61
up-up-right-up-down,20
up-up-right-B-right,11
up-up-right-B-A,3
up-up-right-B-up,6
up-up-right-B-B,50
up-up-right-B-left,17
up-up-right-B-down,1
up-up-right-left-right,57
up-up-right-left-A,47
up-up-right-left-up,38
up-up-right-left-B,8
up-up-right-left-left,97
up-up-right-left-down,6
up-up-right-down-right,13
up-up-right-down-left,11
up-up-right-down-down,3
up-up-A,1096
up-up-up-right-right,59
up-up-up-right-A,15
up-up-up-right-up,52
up-up-up-right-B,7
up-up-up-right-left,33
up-up-up-right-down,5
up-up-up-A,150
up-up-up-up-right,58
up-up-up-up-A,44
up-up-up-up-up,205
up-up-up-up-B,27
up-up-up-up-left,111
up-up-up-up-down,23
up-up-up-B-right,16
up-up-up-B-A,5
up-up-up-B-up,17
up-up-up-B-B,24
up-up-up-B-left,11
up-up-up-left-right,29
up-up-up-left-A,46
up-up-up-left-up,130
up-up-up-left-B,6
up-up-up-left-left,95
up-up-up-left-down,18
up-up-up-down-right,22
up-up-up-down-A,3
up-up-up-down-up,27
up-up-up-down-left,50
up-up-up-down-down,22
up-up-B-right-right,54
up-up-B-right-A,11
up-up-B-right-up,9
up-up-B-right-B,17
up-up-B-right-left,25
up-up-B-A,44
up-up-B-up-right,5
up-up-B-up-A,8
up-up-B-up-up,22
up-up-B-up-B,6
up-up-B-up-left,17
up-up-B-up-down,1
up-up-B-B-right,35
up-up-B-B-A,27
up-up-B-B-up,18
up-up-B-B-B,99
up-up-B-B-left,62
up-up-B-B-down,2
up-up-B-left-right,21
up-up-B-left-A,31
up-up-B-left-up,9
up-up-B-left-B,15
up-up-B-left-left,35
up-up-B-left-down,2
up-up-B-down-right,2
up-up-B-down-left,7
up-up-B-down-down,2
up-up-left-right-right,110
up-up-left-right-A,26
up-up-left-right-up,39
up-up-left-right-B,13
up-up-left-right-left,108
up-up-left-right-down,8
up-up-left-A,480
up-up-left-up-right,56
up-up-left-up-A,116
up-up-left-up-up,129
up-up-left-up-B,10
up-up-left-up-left,242
up-up-left-up-down,34
up-up-left-B-right,5
up-up-left-B-A,5
up-up-left-B-up,3
up-up-left-B-B,22
up-up-left-B-left,11
up-up-left-left-right,103
up-up-left-left-A,169
up-up-left-left-up,140
up-up-left-left-B,12
up-up-left-left-left,513
up-up-left-left-down,43
up-up-left-down-right,10
up-up-left-down-A,2
up-up-left-down-up,5
up-up-left-down-left,56
up-up-left-down-down,16
up-up-down-right-right,50
up-up-down-right-A,14
up-up-down-right-up,11
up-up-down-right-B,4
up-up-down-right-left,36
up-up-down-right-down,13
up-up-down-A,21
up-up-down-up-right,9
up-up-down-up-A,3
up-up-down-up-up,14
up-up-down-up-B,1
up-up-down-up-left,15
up-up-down-up-down,9
up-up-down-B-B,2
up-up-down-left-right,30
up-up-down-left-A,84
up-up-down-left-up,40
up-up-down-left-B,2
up-up-down-left-left,169
up-up-down-left-down,69
up-up-down-down-right,14
up-up-down-down-A,8
up-up-down-down-up,2
up-up-down-down-B,1
up-up-down-down-left,80
up-up-down-down-down,32
up-B-right-right-right,58
up-B-right-right-A,11
up-B-right-right-up,16
up-B-right-right-B,12
up-B-right-right-left,26
up-B-right-right-down,5
up-B-right-A,46
up-B-right-up-right,14
up-B-right-up-A,9
up-B-right-up-up,2
up-B-right-up-B,7
up-B-right-up-left,17
up-B-right-up-down,5
up-B-right-B-right,13
up-B-right-B-A,4
up-B-right-B-up,4
up-B-right-B-B,19
up-B-right-B-left,5
up-B-right-left-right,15
up-B-right-left-A,14
up-B-right-left-up,10
up-B-right-left-B,1
up-B-right-left-left,16
up-B-right-left-down,2
up-B-right-down-right,2
up-B-right-down-left,6
up-B-right-down-down,2
up-B-A,243
up-B-up-right-right,24
up-B-up-right-A,9
up-B-up-right-up,10
up-B-up-right-B,2
up-B-up-right-left,7
up-B-up-A,76
up-B-up-up-right,8
up-B-up-up-A,8
up-B-up-up-up,16
up-B-up-up-B,7
up-B-up-up-left,8
up-B-up-up-down,1
up-B-up-B-right,3
up-B-up-B-up,6
up-B-up-B-B,6
up-B-up-B-left,4
up-B-up-left-right,13
up-B-up-left-A,20
up-B-up-left-up,54
up-B-up-left-B,1
up-B-up-left-left,33
up-B-up-left-down,4
up-B-up-down-right,4
up-B-up-down-up,1
up-B-up-down-left,9
up-B-up-down-down,5
up-B-B-right-right,41
up-B-B-right-A,19
up-B-B-right-up,4
up-B-B-right-B,13
up-B-B-right-left,12
up-B-B-right-down,3
up-B-B-A,122
up-B-B-up-right,30
up-B-B-up-A,27
up-B-B-up-up,12
up-B-B-up-B,16
up-B-B-up-left,39
up-B-B-up-down,4
up-B-B-B-right,56
up-B-B-B-A,42
up-B-B-B-up,52
up-B-B-B-B,105
up-B-B-B-left,80
up-B-B-B-down,6
up-B-B-left-right,29
up-B-B-left-A,42
up-B-B-left-up,27
up-B-B-left-B,34
up-B-B-left-left,69
up-B-B-left-down,6
up-B-B-down-right,5
up-B-B-down-A,2
up-B-B-down-left,5
up-B-B-down-down,3
up-B-left-right-right,37
up-B-left-right-A,11
up-B-left-right-up,6
up-B-left-right-B,5
up-B-left-right-left,22
up-B-left-right-down,1
up-B-left-A,147
up-B-left-up-right,8
up-B-left-up-A,12
up-B-left-up-up,3
up-B-left-up-B,8
up-B-left-up-left,19
up-B-left-up-down,4
up-B-left-B-right,5
up-B-left-B-A,3
up-B-left-B-up,1
up-B-left-B-B,11
up-B-left-B-left,19
up-B-left-left-right,21
up-B-left-left-A,58
up-B-left-left-up,25
up-B-left-left-B,10
up-B-left-left-left,154
up-B-left-left-down,9
up-B-left-down-right,5
up-B-left-down-left,14
up-B-left-down-down,4
up-B-down-right-right,4
up-B-down-right-left,4
up-B-down-right-down,1
up-B-down-A,2
up-B-down-up-left,1
up-B-down-left-right,3
up-B-down-left-A,6
up-B-down-left-left,12
up-B-down-left-down,1
up-B-down-down-up,1
up-B-down-down-left,3
up-B-down-down-down,2
up-left-right-right-right,497
up-left-right-right-A,144
up-left-right-right-up,159
up-left-right-right-B,38
up-left-right-right-left,602
up-left-right-right-down,35
up-left-right-A,414
up-left-right-up-right,108
up-left-right-up-A,80
up-left-right-up-up,37
up-left-right-up-B,5
up-left-right-up-left,301
up-left-right-up-down,45
up-left-right-B-right,11
up-left-right-B-A,12
up-left-right-B-up,9
up-left-right-B-B,35
up-left-right-B-left,49
up-left-right-left-right,282
up-left-right-left-A,227
up-left-right-left-up,143
up-left-right-left-B,17
up-left-right-left-left,557
up-left-right-left-down,51
up-left-right-down-right,37
up-left-right-down-A,2
up-left-right-down-left,94
up-left-right-down-down,17
up-left-A,7815
up-left-up-right-right,228
up-left-up-right-A,51
up-left-up-right-up,207
up-left-up-right-B,25
up-left-up-right-left,204
up-left-up-right-down,16
up-left-up-A,1347
up-left-up-up-right,55
up-left-up-up-A,71
up-left-up-up-up,114
up-left-up-up-B,10
up-left-up-up-left,182
up-left-up-up-down,36
up-left-up-B-right,13
up-left-up-B-A,7
up-left-up-B-up,26
up-left-up-B-B,34
up-left-up-B-left,37
up-left-up-B-down,2
up-left-up-left-right,316
up-left-up-left-A,687
up-left-up-left-up,1199
up-left-up-left-B,28
up-left-up-left-left,921
up-left-up-left-down,112
up-left-up-down-right,61
up-left-up-down-A,18
up-left-up-down-up,33
up-left-up-down-left,241
up-left-up-down-down,68
up-left-B-right-right,19
up-left-B-right-A,6
up-left-B-right-up,5
up-left-B-right-B,2
up-left-B-right-left,11
up-left-B-right-down,1
up-left-B-A,49
up-left-B-up-right,5
up-left-B-up-A,10
up-left-B-up-up,5
up-left-B-up-B,3
up-left-B-up-left,15
up-left-B-up-down,2
up-left-B-B-right,11
up-left-B-B-A,12
up-left-B-B-up,8
up-left-B-B-B,49
up-left-B-B-left,24
up-left-B-B-down,5
up-left-B-left-right,12
up-left-B-left-A,21
up-left-B-left-up,13
up-left-B-left-B,6
up-left-B-left-left,61
up-left-B-left-down,3
up-left-B-down-B,1
up-left-B-down-left,6
up-left-B-down-down,1
up-left-left-right-right,466
up-left-left-right-A,148
up-left-left-right-up,176
up-left-left-right-B,42
up-left-left-right-left,426
up-left-left-right-down,58
up-left-left-A,2879
up-left-left-up-right,137
up-left-left-up-A,266
up-left-left-up-up,76
up-left-left-up-B,32
up-left-left-up-left,825
up-left-left-up-down,131
up-left-left-B-right,13
up-left-left-B-A,14
up-left-left-B-up,8
up-left-left-B-B,32
up-left-left-B-left,38
up-left-left-B-down,1
up-left-left-left-right,477
up-left-left-left-A,1254
up-left-left-left-up,486
up-left-left-left-B,50
up-left-left-left-left,3679
up-left-left-left-down,217
up-left-left-down-right,70
up-left-left-down-A,9
up-left-left-down-up,6
up-left-left-down-B,2
up-left-left-down-left,359
up-left-left-down-down,95
up-left-down-right-right,99
up-left-down-right-A,18
up-left-down-right-up,13
up-left-down-right-B,2
up-left-down-right-left,84
up-left-down-right-down,13
up-left-down-A,50
up-left-down-up-right,4
up-left-down-up-A,5
up-left-down-up-up,2
up-left-down-up-B,1
up-left-down-up-left,5
up-left-down-up-down,5
up-left-down-B-left,1
up-left-down-B-down,1
up-left-down-left-right,61
up-left-down-left-A,156
up-left-down-left-up,77
up-left-down-left-B,10
up-left-down-left-left,389
up-left-down-left-down,127
up-left-down-down-right,17
up-left-down-down-A,8
up-left-down-down-up,7
up-left-down-down-left,120
up-left-down-down-down,49
up-down-right-right-right,190
up-down-right-right-A,53
up-down-right-right-up,36
up-down-right-right-B,10
up-down-right-right-left,300
up-down-right-right-down,45
up-down-right-A,133
up-down-right-up-right,20
up-down-right-up-A,20
up-down-right-up-up,7
up-down-right-up-B,1
up-down-right-up-left,19
up-down-right-up-down,23
up-down-right-B-right,2
up-down-right-B-A,1
up-down-right-B-B,6
up-down-right-B-left,22
up-down-right-B-down,1
up-down-right-left-right,89
up-down-right-left-A,127
up-down-right-left-up,47
up-down-right-left-B,3
up-down-right-left-left,202
up-down-right-left-down,32
up-down-right-down-right,43
up-down-right-down-A,5
up-down-right-down-up,2
up-down-right-down-left,28
up-down-right-down-down,17
up-down-A,345
up-down-up-right-right,8
up-down-up-right-A,1
up-down-up-right-up,26
up-down-up-right-B,1
up-down-up-right-left,4
up-down-up-right-down,2
up-down-up-A,26
up-down-up-up-right,4
up-down-up-up-A,2
up-down-up-up-up,17
up-down-up-up-B,2
up-down-up-up-left,8
up-down-up-up-down,3
up-down-up-B-right,1
up-down-up-B-up,2
up-down-up-B-B,1
up-down-up-left-right,4
up-down-up-left-A,10
up-down-up-left-up,93
up-down-up-left-left,19
up-down-up-left-down,4
up-down-up-down-right,7
up-down-up-down-A,7
up-down-up-down-up,23
up-down-up-down-left,29
up-down-up-down-down,7
up-down-B-A,1
up-down-B-up-left,1
up-down-B-up-down,1
up-down-B-B-A,2
up-down-B-B-B,3
up-down-B-B-left,1
up-down-B-left-right,2
up-down-B-left-A,2
up-down-B-left-B,3
up-down-B-left-left,7
up-down-B-left-down,1
up-down-left-right-right,135
up-down-left-right-A,33
up-down-left-right-up,33
up-down-left-right-B,9
up-down-left-right-left,110
up-down-left-right-down,29
up-down-left-A,1372
up-down-left-up-right,21
up-down-left-up-A,74
up-down-left-up-up,32
up-down-left-up-B,7
up-down-left-up-left,107
up-down-left-up-down,132
up-down-left-B-right,1
up-down-left-B-A,6
up-down-left-B-up,1
up-down-left-B-B,12
up-down-left-B-left,11
up-down-left-left-right,128
up-down-left-left-A,585
up-down-left-left-up,155
up-down-left-left-B,10
up-down-left-left-left,1350
up-down-left-left-down,397
up-down-left-down-right,26
up-down-left-down-A,39
up-down-left-down-up,17
up-down-left-down-B,4
up-down-left-down-left,648
up-down-left-down-down,147
up-down-down-right-right,79
up-down-down-right-A,13
up-down-down-right-up,4
up-down-down-right-B,3
up-down-down-right-left,50
up-down-down-right-down,20
up-down-down-A,100
up-down-down-up-right,3
up-down-down-up-A,6
up-down-down-up-up,6
up-down-down-up-left,10
up-down-down-up-down,15
up-down-down-B-B,2
up-down-down-B-left,2
up-down-down-left-right,67
up-down-down-left-A,203
up-down-down-left-up,55
up-down-down-left-B,5
up-down-down-left-left,414
up-down-down-left-down,157
up-down-down-down-right,44
up-down-down-down-A,27
up-down-down-down-up,13
up-down-down-down-B,5
up-down-down-down-left,221
up-down-down-down-down,158
left-right-right-right-right,3718
left-right-right-right-A,704
left-right-right-right-up,206
left-right-right-right-B,275
left-right-right-right-left,2300
left-right-right-right-down,146
left-right-right-A,1992
left-right-right-up-right,109
left-right-right-up-A,83
left-right-right-up-up,58
left-right-right-up-B,20
left-right-right-up-left,205
left-right-right-up-down,61
left-right-right-B-right,83
left-right-right-B-A,48
left-right-right-B-up,21
left-right-right-B-B,182
left-right-right-B-left,201
left-right-right-B-down,11
left-right-right-left-right,2329
left-right-right-left-A,1781
left-right-right-left-up,330
left-right-right-left-B,97
left-right-right-left-left,2958
left-right-right-left-down,326
left-right-right-down-right,153
left-right-right-down-A,18
left-right-right-down-up,9
left-right-right-down-left,190
left-right-right-down-down,60
left-right-A,6445
left-right-up-right-right,94
left-right-up-right-A,19
left-right-up-right-up,21
left-right-up-right-B,13
left-right-up-right-left,95
left-right-up-right-down,11
left-right-up-A,240
left-right-up-up-right,22
left-right-up-up-A,12
left-right-up-up-up,18
left-right-up-up-B,15
left-right-up-up-left,53
left-right-up-up-down,18
left-right-up-B-right,14
left-right-up-B-A,5
left-right-up-B-up,6
left-right-up-B-B,13
left-right-up-B-left,8
left-right-up-left-right,107
left-right-up-left-A,135
left-right-up-left-up,117
left-right-up-left-B,8
left-right-up-left-left,250
left-right-up-left-down,38
left-right-up-down-right,42
left-right-up-down-A,12
left-right-up-down-up,4
left-right-up-down-left,126
left-right-up-down-down,38
left-right-B-right-right,94
left-right-B-right-A,31
left-right-B-right-up,6
left-right-B-right-B,25
left-right-B-right-left,42
left-right-B-right-down,5
left-right-B-A,135
left-right-B-up-right,11
left-right-B-up-A,4
left-right-B-up-up,4
left-right-B-up-B,2
left-right-B-up-left,19
left-right-B-up-down,2
left-right-B-B-right,86
left-right-B-B-A,82
left-right-B-B-up,21
left-right-B-B-B,182
left-right-B-B-left,118
left-right-B-B-down,13
left-right-B-left-right,84
left-right-B-left-A,118
left-right-B-left-up,17
left-right-B-left-B,38
left-right-B-left-left,268
left-right-B-left-down,16
left-right-B-down-right,8
left-right-B-down-left,10
left-right-B-down-down,1
left-right-left-right-right,1972
left-right-left-right-A,643
left-right-left-right-up,155
left-right-left-right-B,130
left-right-left-right-left,4264
left-right-left-right-down,164
left-right-left-A,5559
left-right-left-up-right,122
left-right-left-up-A,185
left-right-left-up-up,91
left-right-left-up-B,20
left-right-left-up-left,448
left-right-left-up-down,152
left-right-left-B-right,59
left-right-left-B-A,33
left-right-left-B-up,14
left-right-left-B-B,116
left-right-left-B-left,88
left-right-left-B-down,4
left-right-left-left-right,1576
left-right-left-left-A,1915
left-right-left-left-up,319
left-right-left-left-B,102
left-right-left-left-left,4420
left-right-left-left-down,365
left-right-left-down-right,231
left-right-left-down-A,23
left-right-left-down-up,9
left-right-left-down-left,550
left-right-left-down-down,131
left-right-down-right-right,180
left-right-down-right-A,34
left-right-down-right-up,10
left-right-down-right-B,12
left-right-down-right-left,185
left-right-down-right-down,46
left-right-down-A,44
left-right-down-up-A,3
left-right-down-up-left,3
left-right-down-up-down,1
left-right-down-B-right,3
left-right-down-B-A,1
left-right-down-B-up,1
left-right-down-B-left,4
left-right-down-B-down,1
left-right-down-left-right,95
left-right-down-left-A,157
left-right-down-left-up,14
left-right-down-left-B,5
left-right-down-left-left,343
left-right-down-left-down,121
left-right-down-down-right,45
left-right-down-down-A,11
left-right-down-down-up,1
left-right-down-down-left,118
left-right-down-down-down,60
left-A,85911
left-up-right-right-right,235
left-up-right-right-A,75
left-up-right-right-up,40
left-up-right-right-B,14
left-up-right-right-left,300
left-up-right-right-down,22
left-up-right-A,170
left-up-right-up-right,40
left-up-right-up-A,36
left-up-right-up-up,19
left-up-right-up-B,4
left-up-right-up-left,61
left-up-right-up-down,8
left-up-right-B-right,5
left-up-right-B-A,4
left-up-right-B-up,6
left-up-right-B-B,20
left-up-right-B-left,13
left-up-right-left-right,138
left-up-right-left-A,165
left-up-right-left-up,96
left-up-right-left-B,13
left-up-right-left-left,233
left-up-right-left-down,17
left-up-right-down-right,16
left-up-right-down-A,4
left-up-right-down-up,2
left-up-right-down-left,21
left-up-right-down-down,15
left-up-A,3093
left-up-up-right-right,65
left-up-up-right-A,13
left-up-up-right-up,18
left-up-up-right-B,12
left-up-up-right-left,85
left-up-up-right-down,8
left-up-up-A,206
left-up-up-up-right,28
left-up-up-up-A,19
left-up-up-up-up,39
left-up-up-up-B,15
left-up-up-up-left,75
left-up-up-up-down,21
left-up-up-B-right,18
left-up-up-B-A,7
left-up-up-B-up,8
left-up-up-B-B,45
left-up-up-B-left,21
left-up-up-B-down,1
left-up-up-left-right,71
left-up-up-left-A,98
left-up-up-left-up,110
left-up-up-left-B,9
left-up-up-left-left,217
left-up-up-left-down,19
left-up-up-down-right,29
left-up-up-down-A,4
left-up-up-down-up,4
left-up-up-down-B,1
left-up-up-down-left,86
left-up-up-down-down,37
left-up-B-right-right,25
left-up-B-right-A,5
left-up-B-right-up,8
left-up-B-right-B,5
left-up-B-right-left,10
left-up-B-right-down,1
left-up-B-A,37
left-up-B-up-right,3
left-up-B-up-A,15
left-up-B-up-up,5
left-up-B-up-B,3
left-up-B-up-left,18
left-up-B-up-down,7
left-up-B-B-right,19
left-up-B-B-A,32
left-up-B-B-up,19
left-up-B-B-B,44
left-up-B-B-left,60
left-up-B-B-down,2
left-up-B-left-right,20
left-up-B-left-A,25
left-up-B-left-up,18
left-up-B-left-B,6
left-up-B-left-left,52
left-up-B-left-down,4
left-up-B-down-right,2
left-up-B-down-left,8
left-up-B-down-down,2
left-up-left-right-right,316
left-up-left-right-A,81
left-up-left-right-up,80
left-up-left-right-B,24
left-up-left-right-left,331
left-up-left-right-down,20
left-up-left-A,1607
left-up-left-up-right,167
left-up-left-up-A,256
left-up-left-up-up,77
left-up-left-up-B,23
left-up-left-up-left,808
left-up-left-up-down,94
left-up-left-B-right,11
left-up-left-B-A,11
left-up-left-B-up,5
left-up-left-B-B,28
left-up-left-B-left,28
left-up-left-B-down,2
left-up-left-left-right,279
left-up-left-left-A,557
left-up-left-left-up,411
left-up-left-left-B,17
left-up-left-left-left,1294
left-up-left-left-down,125
left-up-left-down-right,50
left-up-left-down-A,9
left-up-left-down-up,4
left-up-left-down-B,1
left-up-left-down-left,188
left-up-left-down-down,47
left-up-down-right-right,164
left-up-down-right-A,31
left-up-down-right-up,18
left-up-down-right-B,3
left-up-down-right-left,155
left-up-down-right-down,18
left-up-down-A,102
left-up-down-up-right,4
left-up-down-up-A,5
left-up-down-up-up,6
left-up-down-up-B,2
left-up-down-up-left,7
left-up-down-up-down,8
left-up-down-B-right,2
left-up-down-B-B,1
left-up-down-B-left,1
left-up-down-left-right,84
left-up-down-left-A,345
left-up-down-left-up,111
left-up-down-left-B,10
left-up-down-left-left,659
left-up-down-left-down,230
left-up-down-down-right,50
left-up-down-down-A,24
left-up-down-down-up,7
left-up-down-down-left,240
left-up-down-down-down,100
left-B-right-right-right,94
left-B-right-right-A,27
left-B-right-right-up,6
left-B-right-right-B,18
left-B-right-right-left,89
left-B-right-right-down,10
left-B-right-A,91
left-B-right-up-right,4
left-B-right-up-A,4
left-B-right-up-up,2
left-B-right-up-left,5
left-B-right-up-down,2
left-B-right-B-right,21
left-B-right-B-A,6
left-B-right-B-up,5
left-B-right-B-B,27
left-B-right-B-left,11
left-B-right-B-down,1
left-B-right-left-right,68
left-B-right-left-A,44
left-B-right-left-up,5
left-B-right-left-B,16
left-B-right-left-left,69
left-B-right-left-down,4
left-B-right-down-right,8
left-B-right-down-A,2
left-B-right-down-left,17
left-B-right-down-down,4
left-B-A,630
left-B-up-right-right,20
left-B-up-right-A,3
left-B-up-right-up,3
left-B-up-right-B,1
left-B-up-right-left,11
left-B-up-A,39
left-B-up-up-right,4
left-B-up-up-A,7
left-B-up-up-up,2
left-B-up-up-B,3
left-B-up-up-left,6
left-B-up-B-right,3
left-B-up-B-up,3
left-B-up-B-B,3
left-B-up-B-left,2
left-B-up-left-right,17
left-B-up-left-A,17
left-B-up-left-up,18
left-B-up-left-B,2
left-B-up-left-left,31
left-B-up-left-down,7
left-B-up-down-right,3
left-B-up-down-up,1
left-B-up-down-left,9
left-B-up-down-down,3
left-B-B-right-right,88
left-B-B-right-A,39
left-B-B-right-up,10
left-B-B-right-B,17
left-B-B-right-left,65
left-B-B-right-down,5
left-B-B-A,328
left-B-B-up-right,16
left-B-B-up-A,20
left-B-B-up-up,10
left-B-B-up-B,8
left-B-B-up-left,33
left-B-B-up-down,3
left-B-B-B-right,76
left-B-B-B-A,90
left-B-B-B-up,28
left-B-B-B-B,234
left-B-B-B-left,138
left-B-B-B-down,17
left-B-B-left-right,94
left-B-B-left-A,105
left-B-B-left-up,24
left-B-B-left-B,104
left-B-B-left-left,188
left-B-B-left-down,15
left-B-B-down-right,9
left-B-B-down-left,19
left-B-B-down-down,7
left-B-left-right-right,93
left-B-left-right-A,16
left-B-left-right-up,5
left-B-left-right-B,13
left-B-left-right-left,81
left-B-left-right-down,12
left-B-left-A,374
left-B-left-up-right,9
left-B-left-up-A,11
left-B-left-up-up,5
left-B-left-up-B,6
left-B-left-up-left,21
left-B-left-up-down,7
left-B-left-B-right,22
left-B-left-B-A,26
left-B-left-B-up,5
left-B-left-B-B,33
left-B-left-B-left,77
left-B-left-B-down,6
left-B-left-left-right,60
left-B-left-left-A,151
left-B-left-left-up,21
left-B-left-left-B,36
left-B-left-left-left,454
left-B-left-left-down,30
left-B-left-down-right,9
left-B-left-down-A,1
left-B-left-down-left,34
left-B-left-down-down,8
left-B-down-right-right,9
left-B-down-right-A,1
left-B-down-right-B,1
left-B-down-right-left,9
left-B-down-right-down,1
left-B-down-up-right,1
left-B-down-B-left,1
left-B-down-left-right,7
left-B-down-left-A,13
left-B-down-left-up,4
left-B-down-left-B,4
left-B-down-left-left,32
left-B-down-left-down,6
left-B-down-down-right,5
left-B-down-down-A,2
left-B-down-down-left,7
left-B-down-down-down,6
left-left-right-right-right,1940
left-left-right-right-A,549
left-left-right-right-up,122
left-left-right-right-B,139
left-left-right-right-left,2330
left-left-right-right-down,130
left-left-right-A,1637
left-left-right-up-right,52
left-left-right-up-A,56
left-left-right-up-up,34
left-left-right-up-B,6
left-left-right-up-left,170
left-left-right-up-down,42
left-left-right-B-right,52
left-left-right-B-A,44
left-left-right-B-up,11
left-left-right-B-B,133
left-left-right-B-left,172
left-left-right-B-down,1
left-left-right-left-right,1464
left-left-right-left-A,1411
left-left-right-left-up,246
left-left-right-left-B,91
left-left-right-left-left,3194
left-left-right-left-down,226
left-left-right-down-right,141
left-left-right-down-A,13
left-left-right-down-up,1
left-left-right-down-B,2
left-left-right-down-left,241
left-left-right-down-down,67
left-left-A,30394
left-left-up-right-right,180
left-left-up-right-A,46
left-left-up-right-up,44
left-left-up-right-B,24
left-left-up-right-left,225
left-left-up-right-down,13
left-left-up-A,911
left-left-up-up-right,49
left-left-up-up-A,49
left-left-up-up-up,56
left-left-up-up-B,31
left-left-up-up-left,161
left-left-up-up-down,51
left-left-up-B-right,18
left-left-up-B-A,15
left-left-up-B-up,9
left-left-up-B-B,46
left-left-up-B-left,43
left-left-up-B-down,6
left-left-up-left-right,262
left-left-up-left-A,498
left-left-up-left-up,446
left-left-up-left-B,26
left-left-up-left-left,1053
left-left-up-left-down,121
left-left-up-down-right,108
left-left-up-down-A,35
left-left-up-down-up,7
left-left-up-down-B,2
left-left-up-down-left,450
left-left-up-down-down,130
left-left-B-right-right,100
left-left-B-right-A,23
left-left-B-right-up,10
left-left-B-right-B,19
left-left-B-right-left,68
left-left-B-right-down,2
left-left-B-A,167
left-left-B-up-right,9
left-left-B-up-A,16
left-left-B-up-up,8
left-left-B-up-B,2
left-left-B-up-left,24
left-left-B-up-down,4
left-left-B-B-right,58
left-left-B-B-A,77
left-left-B-B-up,18
left-left-B-B-B,179
left-left-B-B-left,195
left-left-B-B-down,18
left-left-B-left-right,65
left-left-B-left-A,105
left-left-B-left-up,14
left-left-B-left-B,54
left-left-B-left-left,285
left-left-B-left-down,23
left-left-B-down-right,9
left-left-B-down-A,1
left-left-B-down-B,2
left-left-B-down-left,16
left-left-B-down-down,6
left-left-left-right-right,2069
left-left-left-right-A,668
left-left-left-right-up,129
left-left-left-right-B,153
left-left-left-right-left,2873
left-left-left-right-down,228
left-left-left-A,13692
left-left-left-up-right,192
left-left-left-up-A,404
left-left-left-up-up,165
left-left-left-up-B,52
left-left-left-up-left,944
left-left-left-up-down,358
left-left-left-B-right,73
left-left-left-B-A,70
left-left-left-B-up,19
left-left-left-B-B,218
left-left-left-B-left,261
left-left-left-B-down,11
left-left-left-left-right,2995
left-left-left-left-A,7864
left-left-left-left-up,1099
left-left-left-left-B,305
left-left-left-left-left,27927
left-left-left-left-down,1497
left-left-left-down-right,340
left-left-left-down-A,61
left-left-left-down-up,13
left-left-left-down-B,10
left-left-left-down-left,1727
left-left-left-down-down,426
left-left-down-right-right,322
left-left-down-right-A,47
left-left-down-right-up,14
left-left-down-right-B,19
left-left-down-right-left,385
left-left-down-right-down,59
left-left-down-A,181
left-left-down-up-right,1
left-left-down-up-A,2
left-left-down-up-up,4
left-left-down-up-B,2
left-left-down-up-left,11
left-left-down-up-down,10
left-left-down-B-A,1
left-left-down-B-B,6
left-left-down-B-left,5
left-left-down-B-down,2
left-left-down-left-right,246
left-left-down-left-A,692
left-left-down-left-up,110
left-left-down-left-B,25
left-left-down-left-left,1759
left-left-down-left-down,590
left-left-down-down-right,84
left-left-down-down-A,35
left-left-down-down-up,7
left-left-down-down-B,2
left-left-down-down-left,479
left-left-down-down-down,175
left-down-right-right-right,268
left-down-right-right-A,60
left-down-right-right-up,15
left-down-right-right-B,20
left-down-right-right-left,522
left-down-right-right-down,74
left-down-right-A,186
left-down-right-up-right,4
left-down-right-up-A,3
left-down-right-up-up,7
left-down-right-up-left,16
left-down-right-up-down,8
left-down-right-B-right,4
left-down-right-B-A,4
left-down-right-B-up,1
left-down-right-B-B,6
left-down-right-B-left,26
left-down-right-B-down,2
left-down-right-left-right,196
left-down-right-left-A,272
left-down-right-left-up,37
left-down-right-left-B,11
left-down-right-left-left,449
left-down-right-left-down,160
left-down-right-down-right,129
left-down-right-down-A,4
left-down-right-down-left,51
left-down-right-down-down,23
left-down-A,436
left-down-up-right-right,5
left-down-up-right-A,1
left-down-up-right-left,1
left-down-up-A,17
left-down-up-up-right,2
left-down-up-up-up,2
left-down-up-up-B,2
left-down-up-up-left,3
left-down-up-up-down,2
left-down-up-B-right,1
left-down-up-B-left,1
left-down-up-left-right,2
left-down-up-left-A,11
left-down-up-left-up,5
left-down-up-left-left,13
left-down-up-left-down,3
left-down-up-down-right,1
left-down-up-down-A,1
left-down-up-down-up,2
left-down-up-down-left,11
left-down-up-down-down,6
left-down-B-right-right,2
left-down-B-right-A,1
left-down-B-right-left,1
left-down-B-right-down,1
left-down-B-A,4
left-down-B-B-right,1
left-down-B-B-A,1
left-down-B-B-B,3
left-down-B-B-left,4
left-down-B-B-down,1
left-down-B-left-right,1
left-down-B-left-A,1
left-down-B-left-up,1
left-down-B-left-left,6
left-down-B-down-right,3
left-down-B-down-down,1
left-down-left-right-right,219
left-down-left-right-A,52
left-down-left-right-up,12
left-down-left-right-B,23
left-down-left-right-left,246
left-down-left-right-down,65
left-down-left-A,1646
left-down-left-up-right,23
left-down-left-up-A,46
left-down-left-up-up,15
left-down-left-up-B,1
left-down-left-up-left,97
left-down-left-up-down,70
left-down-left-B-right,9
left-down-left-B-A,3
left-down-left-B-up,1
left-down-left-B-B,14
left-down-left-B-left,18
left-down-left-B-down,4
left-down-left-left-right,266
left-down-left-left-A,718
left-down-left-left-up,114
left-down-left-left-B,40
left-down-left-left-left,2052
left-down-left-left-down,527
left-down-left-down-right,78
left-down-left-down-A,47
left-down-left-down-up,10
left-down-left-down-B,2
left-down-left-down-left,1001
left-down-left-down-down,197
left-down-down-right-right,98
left-down-down-right-A,17
left-down-down-right-up,5
left-down-down-right-B,2
left-down-down-right-left,97
left-down-down-right-down,11
left-down-down-A,112
left-down-down-up-right,3
left-down-down-up-A,1
left-down-down-up-left,5
left-down-down-up-down,5
left-down-down-B-A,1
left-down-down-B-up,1
left-down-down-B-B,3
left-down-down-B-left,3
left-down-down-left-right,91
left-down-down-left-A,231
left-down-down-left-up,36
left-down-down-left-B,6
left-down-down-left-left,546
left-down-down-left-down,234
left-down-down-down-right,51
left-down-down-down-A,26
left-down-down-down-up,6
left-down-down-down-B,2
left-down-down-down-left,247
left-down-down-down-down,141
down-right-right-right-right,669
down-right-right-right-A,145
down-right-right-right-up,37
down-right-right-right-B,88
down-right-right-right-left,436
down-right-right-right-down,121
down-right-right-A,424
down-right-right-up-right,16
down-right-right-up-A,18
down-right-right-up-up,14
down-right-right-up-B,3
down-right-right-up-left,34
down-right-right-up-down,26
down-right-right-B-right,16
down-right-right-B-A,4
down-right-right-B-up,1
down-right-right-B-B,23
down-right-right-B-left,31
down-right-right-B-down,6
down-right-right-left-right,484
down-right-right-left-A,519
down-right-right-left-up,84
down-right-right-left-B,21
down-right-right-left-left,817
down-right-right-left-down,204
down-right-right-down-right,272
down-right-right-down-A,14
down-right-right-down-up,4
down-right-right-down-B,2
down-right-right-down-left,111
down-right-right-down-down,61
down-right-A,1028
down-right-up-right-right,9
down-right-up-right-A,2
down-right-up-right-up,5
down-right-up-right-B,1
down-right-up-right-left,5
down-right-up-right-down,5
down-right-up-A,33
down-right-up-up-right,5
down-right-up-up-A,3
down-right-up-up-up,2
down-right-up-up-B,3
down-right-up-up-left,9
down-right-up-up-down,6
down-right-up-B-right,2
down-right-up-B-B,4
down-right-up-B-left,1
down-right-up-B-down,1
down-right-up-left-right,11
down-right-up-left-A,17
down-right-up-left-up,15
down-right-up-left-B,1
down-right-up-left-left,34
down-right-up-left-down,6
down-right-up-down-right,23
down-right-up-down-A,4
down-right-up-down-left,24
down-right-up-down-down,8
down-right-B-right-right,7
down-right-B-right-A,8
down-right-B-right-up,1
down-right-B-right-B,6
down-right-B-right-left,10
down-right-B-right-down,6
down-right-B-A,24
down-right-B-up-A,1
down-right-B-up-left,2
down-right-B-up-down,1
down-right-B-B-right,5
down-right-B-B-A,5
down-right-B-B-up,2
down-right-B-B-B,17
down-right-B-B-left,26
down-right-B-B-down,2
down-right-B-left-right,17
down-right-B-left-A,51
down-right-B-left-up,1
down-right-B-left-B,8
down-right-B-left-left,74
down-right-B-left-down,4
down-right-B-down-right,4
down-right-B-down-A,2
down-right-B-down-left,5
down-right-B-down-down,3
down-right-left-right-right,248
down-right-left-right-A,77
down-right-left-right-up,9
down-right-left-right-B,26
down-right-left-right-left,351
down-right-left-right-down,71
down-right-left-A,946
down-right-left-up-right,20
down-right-left-up-A,17
down-right-left-up-up,19
down-right-left-up-B,2
down-right-left-up-left,44
down-right-left-up-down,28
down-right-left-B-right,8
down-right-left-B-A,6
down-right-left-B-up,4
down-right-left-B-B,11
down-right-left-B-left,16
down-right-left-B-down,1
down-right-left-left-right,236
down-right-left-left-A,331
down-right-left-left-up,45
down-right-left-left-B,11
down-right-left-left-left,829
down-right-left-left-down,140
down-right-left-down-right,175
down-right-left-down-A,11
down-right-left-down-left,147
down-right-left-down-down,48
down-right-down-right-right,179
down-right-down-right-A,57
down-right-down-right-up,7
down-right-down-right-B,15
down-right-down-right-left,228
down-right-down-right-down,141
down-right-down-A,39
down-right-down-up-A,3
down-right-down-up-up,1
down-right-down-up-left,1
down-right-down-up-down,1
down-right-down-left-right,45
down-right-down-left-A,77
down-right-down-left-up,7
down-right-down-left-B,4
down-right-down-left-left,141
down-right-down-left-down,68
down-right-down-down-right,44
down-right-down-down-A,12
down-right-down-down-up,4
down-right-down-down-left,64
down-right-down-down-down,42
down-A,2555
down-up-right-right-right,7
down-up-right-right-A,4
down-up-right-right-up,2
down-up-right-right-left,5
down-up-right-A,4
down-up-right-up-right,6
down-up-right-up-A,4
down-up-right-up-left,6
down-up-right-left-right,3
down-up-right-left-A,3
down-up-right-left-up,1
down-up-right-left-left,3
down-up-right-left-down,1
down-up-right-down-right,2
down-up-right-down-A,1
down-up-right-down-left,1
down-up-right-down-down,1
down-up-A,70
down-up-up-right-right,3
down-up-up-right-left,1
down-up-up-A,2
down-up-up-up-right,3
down-up-up-up-A,1
down-up-up-up-up,6
down-up-up-up-down,2
down-up-up-B-A,1
down-up-up-B-B,2
down-up-up-B-left,1
down-up-up-left-right,1
down-up-up-left-A,5
down-up-up-left-up,4
down-up-up-left-B,1
down-up-up-left-left,2
down-up-up-left-down,1
down-up-up-down-right,3
down-up-up-down-left,3
down-up-up-down-down,3
down-up-B-right-up,1
down-up-B-up-up,1
down-up-B-up-down,1
down-up-B-B-right,1
down-up-B-left-right,1
down-up-B-left-A,1
down-up-B-left-left,1
down-up-B-down-down,1
down-up-left-right-right,5
down-up-left-right-A,1
down-up-left-right-up,2
down-up-left-right-left,8
down-up-left-right-down,2
down-up-left-A,22
down-up-left-up-right,2
down-up-left-up-A,9
down-up-left-up-up,2
down-up-left-up-B,1
down-up-left-up-left,14
down-up-left-up-down,2
down-up-left-B-A,1
down-up-left-left-right,5
down-up-left-left-A,10
down-up-left-left-up,6
down-up-left-left-left,29
down-up-left-left-down,6
down-up-left-down-right,3
down-up-left-down-A,2
down-up-left-down-up,1
down-up-left-down-left,14
down-up-left-down-down,6
down-up-down-right-right,7
down-up-down-right-B,1
down-up-down-right-left,8
down-up-down-right-down,3
down-up-down-A,8
down-up-down-up-right,1
down-up-down-up-up,1
down-up-down-up-left,5
down-up-down-left-right,3
down-up-down-left-A,14
down-up-down-left-up,4
down-up-down-left-B,1
down-up-down-left-left,23
down-up-down-left-down,8
down-up-down-down-right,2
down-up-down-down-A,1
down-up-down-down-left,9
down-up-down-down-down,8